surname,fake_surname
Sagese,Morrocco
Magnani,Rizzo
Natta,Argenti
Novaro,Leblanc
Toldo,Caffarelli
Zetticci,Avogadro
Tamburini,Zola
Gulotta,Verga
Guglielmi,Panatta
Notarbartolo,Trussardi
Monduzzi,Pasolini
Pausini,Rubbia
Coardi,Catenazzi
Ossola,Oscuro
Desio,Pulci
Tasso,Sandi
Salvini,Prodi
Odescalchi,Montesano
Pinamonte,Luna
Callegari,Omma
Milanesi,Renier
Tarantini,Duse
Carocci,Infantino
Pagliaro,Camuccini
Tiepolo,Scaduto
Fogazzaro,Zamorani
Caironi,Zanazzo
Broschi,Argentero
Ferrara,Inzaghi
Caffarelli,Morlacchi
Gaito,Gaito
Fagotto,Goldoni
Fantoni,Farinelli
Morellato,Soderini
Scarlatti,Raurica
Fittipaldi,Pellegrini
Liguori,Pirelli
Tosto,Galuppi
Juvara,Volterra
Gualtieri,Santi
Almagià,Piane
Telesio,Buonauro
Ferrucci,Tomei
Brunelleschi,Navarria
Baracca,Casagrande
Grassi,Casalodi
Montalcini,Marzorati
Bignami,Campanella
Fanucci,Babato
Goldoni,Caetani
Bignardi,Gregori
Muti,Caironi
Saffi,Gagliano
Argenti,Caruso
Canova,Fabrizi
Tasca,Bajardi
Pertini,Armellini
Trincavelli,Tacchini
Pignatti,Foscari
Antonucci,Aloisio
Marenzio,Canali
Costanzi,Pigafetta
Ligorio,Brugnaro
Rastelli,Bellini
Navarria,Mantegazza
Alonzi,Corradi
Beccheria,Salvemini
Tanzini,Parri
Venier,Micca
Saragat,Pezzali
Farnese,Bondumier
Giulietti,Pace
Silvestri,Majorana
Marrone,Bruscantini
Redi,Casellati
Giacometti,Parini
Tomaselli,Bernini
Loredan,Villadicani
Viviani,Modigliani
Riccati,Scaramucci
Littizzetto,Cocci
Chiaramonte,Ruffini
Endrizzi,Belletini
Comboni,Chindamo
Pontecorvo,Nordio
Nolcini,Verdi
Taccola,Berengario
Caruso,Jacuzzi
Antonacci,Rocca
Lamborghini,Cammarata
Maffei,Castelli
Trobbiani,Turrini
Toscani,Pratesi
Gaggini,Marcacci
Mimun,Gigli
Ponti,Federici
Cerquiglini,Tarantini
Dalla,Nadi
Lombardi,Gozzano
Camicione,Aldobrandi
Babbo,Zacchia
Santorio,Pennetta
Mastandrea,Ubaldi
Scarpa,Tartaglia
Boccaccio,Donini
Oscuro,Agazzi
Stein,Sibilia
Cignaroli,Bergoglio
Seddio,Casale
Maderna,Dandolo
Goldstein,Iacovelli
Pisano,Onio
Zanazzo,Perini
Contrafatto,Casaleggio
Tafuri,Canil
Cusano,Pelli
Battaglia,Vattimo
Cadorna,Peano
Polizzi,Saracino
Traversa,Garzoni
Nosiglia,Monteverdi
Boaga,Mazzanti
Canali,Beccaria
Toso,Querini
Gilardoni,Badoer
Pasqua,Brunelleschi
Udinesi,Roccabonella
Comisso,Milanesi
Iannuzzi,Ferrucci
Trezzini,Mattarella
Tomasini,Rinaldi
Emo,Franscini
Zola,Mazzini
Soderini,Luxardo
Fo,Zabarella
Letta,Bernardini
Campano,Scotti
Correr,Corbo
Valier,Bersani
Giannelli,Cafarchia
Pascarella,Antonetti
Bruno,Boaga
Benigni,Botta
Ciampi,Russo
Farinelli,Iannuzzi
Foà,Bartoli
Vitturi,Marrone
Versace,Malaparte
Togliatti,Schicchi
Bevilacqua,Bocca
Frescobaldi,Regge
Modigliani,Tosto
Cherubini,Dellucci
Vercelloni,Biagiotti
Mazzeo,Ceschi
Tresoldi,Cicala
Villadicani,Ludovisi
Capecchi,Montessori
Smirnoff,Maccanelli
Errani,Armani
Villarosa,Balotelli
Toninelli,Redi
Niscoromni,Iannelli
Gotti,Pavanello
Orengo,Gadda
Sorrentino,Chittolini
Onisto,Scamarcio
Mancini,Terragni
Lollobrigida,Palazzo
Brichese,Petrassi
Montanari,Dovara
Blasi,Ughi
Cardano,Traversa
Cicilia,Monti
Leone,Gaiatto
Casaleggio,Interiano
Vattimo,Offredi
Vezzali,Gottardi
Forza,Lollobrigida
Tassoni,Cadorna
Tozzi,Vitturi
Rosselli,Balbi
Casarin,Alfonsi
Sobrero,Dulbecco
Morricone,Bombieri
Gucci,Prada
Eco,Coardi
Mannoia,Gonzaga
Greggio,Lancisi
Berlusconi,Guariento
Bottigliero,Cannizzaro
Orlando,Magrassi
Camilleri,Gabrieli
Priuli,Gemito
Barillaro,Costalonga
Chinnici,Petrucelli
Ritacca,Villarosa
Ruggeri,Borzomì
Volta,Nitto
Dellucci,Borrani
Ravaglioli,Guarato
Armellini,Morpurgo
Venturi,Zeffirelli
Campanella,Treccani
Doglioni,Ungaretti
Capuana,Nolcini
Panzera,Saffi
Martucci,Vivaldi
Faugno,Pascarella
Gabrieli,Gargallo
Giannetti,Morabito
Dandolo,Garobbio
Einaudi,Spinelli
Monicelli,Emanuelli
Puccini,Ruberto
Zaccardo,Fittipaldi
Mantegazza,Manacorda
Alfonsi,Bernetti
Vecoli,Venditti
Procacci,Tartini
Ziani,Pertini
Pezzali,Pertile
Bertolucci,Meucci
Ferrazzi,Scarpetta
Cagnin,Moresi
Pirandello,Abate
Salgari,Morandi
Platini,Angeli
Udinese,Trobbiani
Buonauro,Garozzo
Segni,Micheletti
Cuomo,Gravina
Boitani,Dibiasi
Fermi,Lovato
Lopresti,Modugno
Lucchesi,Pucci
Burcardo,Romiti
Spadafora,Asmundo
Fattori,Basadonna
Doria,Lopresti
Schiavone,Pacomio
Cipolla,Roth
Abba,Raimondi
Carriera,Tornatore
Cattaneo,Giunti
Vecellio,Carpaccio
Giunti,Morgagni
Mazzini,Ferrata
Piane,Sbarbaro
Sokolov,Deledda
Gianetti,Maspero
Mazzanti,Scalera
Ioppi,Boccaccio
Falcone,Cesarotti
Casellati,Nitti
Roncalli,Telesio
Aporti,Ferrabosco
Respighi,Mazzacurati
Ferretti,Olivetti
Ajello,Maffei
Bodoni,Salieri
Gradenigo,Argan
Pellico,Scarlatti
Tencalla,Ziani
Tagliafierro,Mazzocchi
Balbo,Garrone
Pozzecco,Beffa
Ostinelli,Ponti
Missoni,Pergolesi
Galiazzo,Pagliaro
Stoppani,Tasso
Marazzi,Perozzo
Borromeo,Ferrara
Pulci,Guarana
Garobbio,Pincherle
Biagi,Marini
Trentin,Toselli
Paltrinieri,Folliero
Veneziano,Bernardi
Barcaccia,Respighi
Bartoli,Martucci
Cafarchia,Tarantino
Carpaccio,Novaro
Pepe,Gradenigo
Torlonia,Gabbana
Giannotti,Boito
Acerbi,Fabbri
Pareto,Gramsci
Mattarella,Fornaciari
Maspero,Gianinazzi
Gussoni,Fagiani
Botticelli,Cugia
Carducci,Lupo
Montanelli,Porzio
Luxardo,Giulietti
Zoppetto,Innocenti
Barzini,Cicilia
Calgari,Malipiero
Sansoni,Zanichelli
Pometta,Sordi
Dallapé,Giannini
Nitti,Guicciardini
Martinelli,Turchi
Moretti,Tamburi
Scaramucci,Petralli
Interminei,Ariosto
Cabibbo,Toscanini
Mascagni,Priuli
Panatta,Nicolini
Ariasso,Squarcione
Pisani,Agostinelli
Salvemini,Loredan
Manacorda,Zichichi
Mantegna,Tamburini
Giacconi,Carullo
Mondaini,Paruta
Paoletti,Virgilio
Marangoni,Canevascini
Bompiani,Pederiva
Siffredi,Campano
Morosini,Mondaini
Pugliese,Polizzi
Cristoforetti,Federico
Curiel,Speri
Grasso,Mimun
Borrani,Puglisi
Sgalambro,Dallara
Ludovisi,Taliani
Bonaventura,Tognazzi
Migliaccio,Ortolani
Tonisto,Abatantuono
Camanni,Vianello
Stefanelli,Vento
Boezio,Migliaccio
Ramazzotti,Giacconi
Rismondo,Cagnin
Garozzo,Storladi
Cociarelli,Vismara
Boito,Filippini
Casagrande,Lombroso
Manzoni,Comeriato
Spanevello,Papafava
Govoni,Comolli
Ungaretti,Naccari
Albertini,Riccati
Ceci,Gussoni
Ruberto,Spadafora
Bettin,Altera
Tozzo,Liverotti
Monti,Nosiglia
Cianciolo,Broschi
Jacuzzi,Tomaselli
Opizzi,Bacosi
Mazzacurati,Fermi
Papafava,Vidoni
Cugia,Notarbartolo
Nitto,Polesel
Bonolis,Columbo
Fantini,Grisoni
Basadonna,Passalacqua
Trevisan,Fischetti
Luna,Strangio
Barbarigo,Trotta
Angeli,Majewski
Bombieri,Baroffio
Capone,Tomasetti
Parmitano,Gelli
Pirelli,Bottaro
Lucciano,Doglioni
Vendetti,Antelami
Grisoni,Vasari
Zabarella,Palmisano
Tarantino,Lucchesi
Ammaniti,Gabba
Cocci,Roncalli
Turci,Antonelli
Piazzi,Panicucci
Palladio,Giannelli
Trussardi,Iannotti
Guarana,Parmitano
Bonatti,Zarlino
Taliani,Ammaniti
Giovine,Rensi
Gentilini,Rizzoli
Corbo,Togliatti
Zacchia,Condoleo
Renzi,Cuda
Barsanti,Rosmini
Tamburello,Falier
Carosone,Bragaglia
Castellitto,Dossetti
Valmarana,Soranzo
Trapanese,Travia
Onio,Zetticci
Cilea,Verdone
Valentino,Bassi
Torricelli,Sismondi
Pavanello,Travaglio
Vasari,Marinetti
Galvani,Coppola
Bacosi,Turci
Cortese,Carnera
Metella,Pietrangeli
Murialdo,Odescalchi
Bragaglia,Borromini
Finzi,Giovine
Bettoni,Giolitti
Padovano,Tosi
Bertoni,Trentini
Agostini,Cavanna
Trapani,Comisso
Storladi,Lattuada
Brancaccio,Grossi
Monaco,Mastandrea
Folliero,Delle
Tropea,Carfagna
Santi,Sabatini
Micheletti,Capuana
Falloppio,Mantegna
Venditti,Casarin
Depero,Gucci
Viola,Pizzetti
Lancisi,Casadei
Casalodi,Crespi
Errigo,Ruggieri
Paolucci,Borromeo
Pietrangeli,Antonioni
Branciforte,Bianchini
Tacchini,Benigni
Mogherini,Chiappetta
Pininfarina,Bragadin
Norbiato,Trevisan
Asprucci,Rossi
Romiti,Gangemi
Gregori,Spinola
Sordi,Petrucci
Cuzzocrea,Bulzoni
Amaldi,Nibali
Cimarosa,Buscetta
Schiaparelli,Smirnoff
Camuccini,Camiscione
Dossi,Ferretti
Zoppetti,Parpinel
Lattuada,Orsini
Piovani,Solimena
Peano,Foà
Montanariello,Farina
Broggini,Benedetti
Benussi,Ossani
Piccinni,Tutino
Binaghi,Nicolucci
Bragadin,Cassarà
Iadanza,Soffici
Riccardi,Vecellio
Basso,Lucarelli
Petrucci,Parisi
Scalfaro,Bruno
Pacillo,Ortese
Mengolo,Trebbi
Greco,Tirabassi
Salvo,Gori
Musatti,Valguarnera
Gaiatto,Ferrante
Maggioli,Camicione
Bellini,Martinelli
Palazzo,Flaiano
Volterra,Montanelli
Rossini,Durante
Magrassi,Zanzi
Franceschi,Guinizzelli
Salieri,Montanari
Trevisani,Cherubini
Cheda,Munari
Bertoli,Tozzo
Scotto,Montecchi
Barberini,Trezzini
Cavalcanti,Volta
Galtarossa,Bellocchio
Druso,Galtarossa
Sagredo,Depero
Veltroni,Morellato
Cavanna,Cossiga
Fischetti,Randazzo
Morlacchi,Antonini
Baresi,Totino
Pelli,Giannone
Aulenti,Druso
Casadei,Toscani
Franzese,Palladio
Malenchini,Persico
Bosurgi,Camilleri
Orsini,Verri
Porzio,Battisti
Bulzoni,Govoni
Majorana,Finotto
Chechi,Sgarbi
Andreotti,Sanudo
Filzi,Tresoldi
Iannucci,Gilardoni
Dallara,Boiardo
Bianchini,Cagnotto
Satriani,Lamborghini
Grossi,Santorio
Monte,Barcaccia
Zaguri,Andreotti
Satta,Greco
Pergolesi,Pareto
Quasimodo,Grimani
Spinelli,Toldo
Scamarcio,Giannuzzi
Sollima,Babbo
Borroni,Baresi
Sommaruga,Piazzi
Nugnes,Favata
Bonino,Veneziano
Fibonacci,Carli
Asmundo,Cortese
Fioravanti,Tafuri
Ricci,Cabrini
Castelli,Alighieri
Agazzi,Guglielmi
Interminelli,Chechi
Totino,Rastelli
Parini,Maderna
Belletini,Borsiere
Badoglio,Musatti
Staglieno,Caracciolo
Toscanini,Lercari
Luria,Caccioppoli
Canetta,Comboni
Briccialdi,Iadanza
Sinisi,Alfieri
Gualandi,Bataglia
Bossi,Scarpa
Samele,Ravaglioli
Caracciolo,Mascagni
Vismara,Muti
Antonelli,Angiolello
Caboto,Zaccardo
Durante,Letta
Sagnelli,Esposito
Chittolini,Marangoni
Pacetti,Cavalcanti
Gangemi,Collina
Cutuli,Mazzi
Cesarotti,Cibin
Tutino,Segrè
Morandi,Barzini
Catenazzi,Bosurgi
Querini,Polani
Solari,Stein
Sismondi,Cilibrasi
Vespucci,Guidone
Malacarne,Aulenti
Busoni,Ricci
Legnante,Alonzi
Antonini,Toninelli
Gentili,Satriani
Combi,Pignatti
Savorgnan,Curatoli
Foconi,Tedesco
Mazzi,Castiglione
Duse,Pisani
Amato,Serao
Gottardi,Barillaro
Scandone,Mastroianni
Bajardi,Leone
Foscari,Palombi
Alfieri,Torricelli
Tron,Rienzo
Mocenigo,Papetti
Caetani,Rusticucci
Moresi,Bonolis
Bajamonti,Frescobaldi
Saraceno,Satta
Turati,Moccia
Federici,Turati
Abatantuono,Miniati
Crespi,Agnesi
Troisi,Fattori
Duodo,Barcella
Nordio,Giannotti
Trombetta,Cociarelli
Marinetti,Ruggeri
Gozzano,Navone
Sabatini,Cuomo
Gioberti,Muratori
Bembo,Legnante
Zamengo,Ferraris
Fusani,Barracco
Traetta,Ficino
Fuseli,Gasperi
Sforza,Trillini
Rensi,Monaco
Pizzetti,Luciani
Bocelli,Giannetti
Marzorati,Pedrazzini
Ortolani,Moneta
Civaschi,Fuseli
Trotta,Calgari
Boccioni,Prati
Pizzamano,Maggioli
Peranda,Gritti
Tosi,Mezzetta
Gatto,Cilea
Merisi,Vanvitelli
Carli,Argurio
Pratesi,Antonucci
Rosmini,Sagnelli
Cainero,Vergassola
Borgia,Grasso
Petralli,Tanzini
Pisacane,Germano
Palombi,Solari
Favata,Errigo
Donarelli,Amato
Cappelli,Stoppani
Ottino,Baracca
Solimena,Calvo
Tuzzolino,Ceri
Romagnoli,Duodo
Lucarelli,Peranda
Terragni,Murri
Nonis,Broggini
Flaiano,Trentin
Paganini,Piccio
Pellegrini,Barese
Raimondi,Gualandi
Surian,Fantini
Babato,Traetta
Ficino,Sorrentino
Bandello,Chinnici
Crispi,Curiel
Mezzetta,Bevilacqua
Deledda,Liguori
Renier,Rossini
Saracino,Bajamonti
Sandi,Romano
Aloisio,Mannoia
Righi,Petrocelli
Farina,Sgalambro
Polesel,Sabbatini
Medici,Chiesa
Bruscantini,Marazzi
Condoleo,Donà
Modugno,Pisacane
Conti,Valmarana
Gozzi,Valentino
Antelami,Mennea
Micca,Panzera
Lombardo,Canetta
Sibilia,Visintini
Gadda,Sanguineti
Callegaro,Faugno
Curatoli,Staglieno
Morucci,Luzi
Biagiotti,Procacci
Ciani,Visconti
Angiolello,Gozzi
Stradivari,Petruzzi
Giradello,Surian
Fallaci,Castellitto
Semitecolo,Varano
Visconti,Pedersoli
Giolitti,Callegari
Pertile,Bosio
Anguissola,Galiazzo
Impastato,Casini
Accardo,Mercadante
Gianinazzi,Civaschi
Lussu,Gremese
Soranzo,Ricolfi
Giusti,Foletti
Puglisi,Modiano
Tomasetti,Ferragni
Pucci,Crisafulli
Leblanc,Chigi
Tornatore,Paganini
Germano,Soprano
Bellocchio,Tamborini
Giannini,Carducci
Gramsci,Simeoni
Manunta,Lombardo
Cilibrasi,Oliboni
Ossani,Asprucci
Bernardi,Tagliafierro
Vergassola,Pininfarina
Rossi,Nugnes
Niggli,Ariasso
Argurio,Falcone
Pisaroni,Boezio
Agnesi,Bresciani
